IPProto,SrcIP,SrcPort,DstIp,DstPort,UID,App,PackageName,Proto,Status,Info,BytesSent,BytesRcvd,PktsSent,PktsRcvd,FirstSeen,LastSeen
17,10.215.173.1,53866,10.215.173.2,53,10247,Services Google Play,com.google.android.gms,DNS,Closed,mtalk.google.com,62,117,1,1,2026-06-26T21:31:24.465+02:00,2026-06-26T21:31:24.472+02:00
6,10.215.173.1,47442,74.125.71.188,5228,10247,Services Google Play,com.google.android.gms,TLS,Closed,mtalk.google.com,1360,1148,7,7,2026-06-26T21:31:24.505+02:00,2026-06-26T21:32:24.924+02:00
17,10.215.173.1,49393,10.215.173.2,53,1021,GPS,gps,DNS,Closed,1.pool.ntp.org,60,124,1,1,2026-06-26T21:31:24.508+02:00,2026-06-26T21:31:24.523+02:00
17,10.215.173.1,21036,10.215.173.2,53,1021,GPS,gps,DNS,Closed,0.pool.ntp.org,60,124,1,1,2026-06-26T21:31:24.509+02:00,2026-06-26T21:31:24.524+02:00
17,10.215.173.1,16628,10.215.173.2,53,1021,GPS,gps,DNS,Closed,2.pool.ntp.org,60,124,1,1,2026-06-26T21:31:24.512+02:00,2026-06-26T21:31:24.528+02:00
17,10.215.173.1,41005,10.215.173.2,53,1021,GPS,gps,DNS,Closed,3.pool.ntp.org,60,124,1,1,2026-06-26T21:31:24.514+02:00,2026-06-26T21:31:24.529+02:00
17,10.215.173.1,54284,176.137.36.37,123,1021,GPS,gps,NTP,Closed,1.pool.ntp.org,76,76,1,1,2026-06-26T21:31:24.526+02:00,2026-06-26T21:31:24.554+02:00
17,10.215.173.1,55148,51.91.15.107,123,1021,GPS,gps,NTP,Closed,0.pool.ntp.org,76,76,1,1,2026-06-26T21:31:24.527+02:00,2026-06-26T21:31:24.547+02:00
17,10.215.173.1,51996,51.91.83.168,123,1021,GPS,gps,NTP,Closed,2.pool.ntp.org,76,76,1,1,2026-06-26T21:31:24.533+02:00,2026-06-26T21:31:24.552+02:00
17,10.215.173.1,38415,51.68.44.27,123,1021,GPS,gps,NTP,Closed,3.pool.ntp.org,76,76,1,1,2026-06-26T21:31:24.534+02:00,2026-06-26T21:31:24.555+02:00
17,10.215.173.1,60404,10.215.173.2,53,10308,Facebook,com.facebook.katana,DNS,Closed,edge-mqtt.facebook.com,68,108,1,1,2026-06-26T21:31:24.608+02:00,2026-06-26T21:31:24.626+02:00
6,10.215.173.1,34354,157.240.202.23,443,10308,Facebook,com.facebook.katana,HTTPS,Closed,edge-mqtt.facebook.com,3983,2996,21,20,2026-06-26T21:31:24.624+02:00,2026-06-26T21:31:24.820+02:00
17,10.215.173.1,46323,10.215.173.2,53,10247,Services Google Play,com.google.android.gms,DNS,Closed,android.apis.google.com,69,109,1,1,2026-06-26T21:31:24.631+02:00,2026-06-26T21:31:24.647+02:00
17,10.215.173.1,48047,142.251.39.110,443,10247,Services Google Play,com.google.android.gms,QUIC,Closed,android.apis.google.com,3565,4602,9,11,2026-06-26T21:31:24.655+02:00,2026-06-26T21:31:24.753+02:00
17,10.215.173.1,4672,10.215.173.2,53,10251,Google Play Store,com.android.vending,DNS,Closed,play-fe.googleapis.com,68,84,1,1,2026-06-26T21:31:24.724+02:00,2026-06-26T21:31:24.730+02:00
17,10.215.173.1,45450,172.217.20.46,443,10251,Google Play Store,com.android.vending,QUIC,Closed,play-fe.googleapis.com,368553,37864,322,119,2026-06-26T21:31:24.738+02:00,2026-06-26T21:31:26.047+02:00
6,10.215.173.1,48506,172.217.20.46,443,10251,Google Play Store,com.android.vending,HTTPS,Closed,play-fe.googleapis.com,2891,2932,10,10,2026-06-26T21:31:24.751+02:00,2026-06-26T21:31:29.964+02:00
17,10.215.173.1,37973,10.215.173.2,53,10067,Meta Services,com.facebook.services,DNS,Closed,z-m-gateway.facebook.com,70,114,1,1,2026-06-26T21:31:26.039+02:00,2026-06-26T21:31:26.059+02:00
6,10.215.173.1,40478,157.240.202.38,443,10067,Meta Services,com.facebook.services,HTTPS,Closed,z-m-gateway.facebook.com,3515,4623,21,16,2026-06-26T21:31:26.066+02:00,2026-06-26T21:35:26.250+02:00
17,10.215.173.1,24337,10.215.173.2,53,10251,Google Play Store,com.android.vending,DNS,Closed,play.googleapis.com,65,129,1,1,2026-06-26T21:31:32.940+02:00,2026-06-26T21:31:33.003+02:00
6,10.215.173.1,37650,216.239.34.223,443,10251,Google Play Store,com.android.vending,HTTPS,Closed,play.googleapis.com,8298,7827,9,11,2026-06-26T21:31:33.008+02:00,2026-06-26T21:31:39.461+02:00
17,10.215.173.1,18394,10.215.173.2,53,10267,YouTube,com.google.android.youtube,DNS,Closed,youtubei.googleapis.com,69,133,1,1,2026-06-26T21:31:33.933+02:00,2026-06-26T21:31:33.947+02:00
17,10.215.173.1,59703,216.239.38.223,443,10267,YouTube,com.google.android.youtube,QUIC,Closed,youtubei.googleapis.com,4733,9392,13,13,2026-06-26T21:31:34.022+02:00,2026-06-26T21:31:34.147+02:00
17,10.215.173.1,53965,10.215.173.2,53,10267,YouTube,com.google.android.youtube,DNS,Closed,youtubei.googleapis.com,69,133,1,1,2026-06-26T21:31:34.024+02:00,2026-06-26T21:31:34.030+02:00
6,10.215.173.1,49320,216.239.32.223,443,10267,YouTube,com.google.android.youtube,HTTPS,Closed,youtubei.googleapis.com,2259,7105,8,8,2026-06-26T21:31:34.032+02:00,2026-06-26T21:31:36.956+02:00
17,10.215.173.1,14434,10.215.173.2,53,10267,YouTube,com.google.android.youtube,DNS,Closed,i.ytimg.com,57,265,1,1,2026-06-26T21:31:34.424+02:00,2026-06-26T21:31:34.436+02:00
17,10.215.173.1,48310,142.251.39.214,443,10267,YouTube,com.google.android.youtube,QUIC,Closed,i.ytimg.com,4708,9668,13,13,2026-06-26T21:31:34.439+02:00,2026-06-26T21:31:34.551+02:00
17,10.215.173.1,16256,10.215.173.2,53,10345,Agar.io,com.miniclip.agar.io,DNS,Closed,firebase-settings.crashlytics.com,79,95,1,1,2026-06-26T21:31:35.496+02:00,2026-06-26T21:31:35.523+02:00
6,10.215.173.1,45026,142.251.209.131,443,10345,Agar.io,com.miniclip.agar.io,HTTPS,Closed,firebase-settings.crashlytics.com,1757,6330,9,9,2026-06-26T21:31:35.526+02:00,2026-06-26T21:31:53.060+02:00
6,10.215.173.1,45040,142.251.209.131,443,10345,Agar.io,com.miniclip.agar.io,HTTPS,Closed,firebase-settings.crashlytics.com,1613,6478,10,10,2026-06-26T21:31:35.572+02:00,2026-06-26T21:31:39.576+02:00
17,10.215.173.1,39950,10.215.173.2,53,10345,Agar.io,com.miniclip.agar.io,DNS,Closed,graph.facebook.com,64,104,1,1,2026-06-26T21:31:35.586+02:00,2026-06-26T21:31:35.605+02:00
6,10.215.173.1,55656,185.60.219.3,443,10345,Agar.io,com.miniclip.agar.io,HTTPS,Closed,graph.facebook.com,1948,6751,13,12,2026-06-26T21:31:35.609+02:00,2026-06-26T21:31:53.060+02:00
6,10.215.173.1,55658,185.60.219.3,443,10345,Agar.io,com.miniclip.agar.io,HTTPS,Closed,graph.facebook.com,1753,5444,9,8,2026-06-26T21:31:35.611+02:00,2026-06-26T21:31:53.060+02:00
6,10.215.173.1,55670,185.60.219.3,443,10345,Agar.io,com.miniclip.agar.io,HTTPS,Closed,graph.facebook.com,2282,7367,12,12,2026-06-26T21:31:35.613+02:00,2026-06-26T21:31:53.060+02:00
17,10.215.173.1,35614,57.144.254.141,443,10308,Facebook,com.facebook.katana,QUIC,Closed,,17265,100796,49,116,2026-06-26T21:31:36.291+02:00,2026-06-26T21:31:43.897+02:00
6,10.215.173.1,36198,57.144.254.141,443,10308,Facebook,com.facebook.katana,HTTPS,Closed,graph.facebook.com,1974,1801,7,6,2026-06-26T21:31:36.371+02:00,2026-06-26T21:31:47.687+02:00
17,10.215.173.1,48113,10.215.173.2,53,10073,Game Booster,com.samsung.android.game.gametools,DNS,Closed,vas.samsungapps.com,65,264,1,1,2026-06-26T21:31:36.915+02:00,2026-06-26T21:31:36.955+02:00
6,10.215.173.1,53148,54.76.226.36,443,10073,Game Booster,com.samsung.android.game.gametools,HTTPS,Error,vas.samsungapps.com,1505,6625,9,9,2026-06-26T21:31:36.958+02:00,2026-06-26T21:31:37.200+02:00
17,10.215.173.1,58151,10.215.173.2,53,10247,Services Google Play,com.google.android.gms,DNS,Closed,region1.app-measurement.com,73,105,1,1,2026-06-26T21:31:37.224+02:00,2026-06-26T21:31:37.236+02:00
17,10.215.173.1,48560,216.239.32.36,443,10247,Services Google Play,com.google.android.gms,QUIC,Closed,region1.app-measurement.com,5720,8516,11,13,2026-06-26T21:31:37.250+02:00,2026-06-26T21:31:37.364+02:00
17,10.215.173.1,12118,10.215.173.2,53,10345,Agar.io,com.miniclip.agar.io,DNS,Closed,configs.agario.miniclippt.com,75,139,1,1,2026-06-26T21:31:37.288+02:00,2026-06-26T21:31:37.325+02:00
6,10.215.173.1,58692,99.86.109.27,443,10345,Agar.io,com.miniclip.agar.io,HTTPS,Closed,configs.agario.miniclippt.com,48241,8736031,677,1395,2026-06-26T21:31:37.353+02:00,2026-06-26T21:31:53.058+02:00
6,10.215.173.1,58700,99.86.109.27,443,10345,Agar.io,com.miniclip.agar.io,HTTPS,Closed,configs.agario.miniclippt.com,2215,6465,9,9,2026-06-26T21:31:37.358+02:00,2026-06-26T21:31:37.448+02:00
6,10.215.173.1,58710,99.86.109.27,443,10345,Agar.io,com.miniclip.agar.io,HTTPS,Closed,configs.agario.miniclippt.com,2239,6425,8,8,2026-06-26T21:31:37.361+02:00,2026-06-26T21:31:37.448+02:00
17,10.215.173.1,40386,10.215.173.2,53,10247,Services Google Play,com.google.android.gms,DNS,Closed,app-measurement.com,65,81,1,1,2026-06-26T21:31:37.370+02:00,2026-06-26T21:31:37.378+02:00
17,10.215.173.1,41248,142.251.39.206,443,10247,Services Google Play,com.google.android.gms,QUIC,Closed,app-measurement.com,3268,5272,8,11,2026-06-26T21:31:37.382+02:00,2026-06-26T21:31:37.445+02:00
6,10.215.173.1,58722,99.86.109.27,443,10345,Agar.io,com.miniclip.agar.io,HTTPS,Closed,configs.agario.miniclippt.com,2103,6385,7,7,2026-06-26T21:31:37.393+02:00,2026-06-26T21:31:37.448+02:00
6,10.215.173.1,53162,54.76.226.36,443,10073,Game Booster,com.samsung.android.game.gametools,HTTPS,Closed,vas.samsungapps.com,1390,3175,8,9,2026-06-26T21:31:37.439+02:00,2026-06-26T21:31:37.611+02:00
17,10.215.173.1,35690,216.239.32.36,443,10247,Services Google Play,com.google.android.gms,QUIC,Closed,region1.app-measurement.com,3733,4896,9,12,2026-06-26T21:31:37.449+02:00,2026-06-26T21:31:37.564+02:00
17,10.215.173.1,39073,142.251.39.206,443,10247,Services Google Play,com.google.android.gms,QUIC,Closed,app-measurement.com,4483,4392,8,10,2026-06-26T21:31:37.556+02:00,2026-06-26T21:31:37.656+02:00
17,10.215.173.1,58011,216.239.32.36,443,10247,Services Google Play,com.google.android.gms,QUIC,Closed,region1.app-measurement.com,4224,4943,9,13,2026-06-26T21:31:37.725+02:00,2026-06-26T21:31:37.838+02:00
17,10.215.173.1,14087,10.215.173.2,53,10078,Gaming Hub,com.samsung.android.game.gamehome,DNS,Closed,firebaseremoteconfig.googleapis.com,81,145,1,1,2026-06-26T21:31:37.872+02:00,2026-06-26T21:31:37.890+02:00
6,10.215.173.1,32830,216.239.34.223,443,10078,Gaming Hub,com.samsung.android.game.gamehome,HTTPS,Closed,firebaseremoteconfig.googleapis.com,2732,6300,7,8,2026-06-26T21:31:37.895+02:00,2026-06-26T21:31:38.043+02:00
17,10.215.173.1,1058,10.215.173.2,53,10077,Galaxy Store,com.sec.android.app.samsungapps,DNS,Closed,ureca.samsungapps.com,67,273,1,1,2026-06-26T21:31:38.682+02:00,2026-06-26T21:31:38.699+02:00
6,10.215.173.1,40658,99.81.252.254,443,10077,Galaxy Store,com.sec.android.app.samsungapps,HTTPS,Closed,ureca.samsungapps.com,2822,6549,10,10,2026-06-26T21:31:38.705+02:00,2026-06-26T21:32:50.302+02:00
17,10.215.173.1,57319,10.215.173.2,53,10345,Agar.io,com.miniclip.agar.io,DNS,Closed,fundingchoicesmessages.google.com,79,116,1,1,2026-06-26T21:31:39.240+02:00,2026-06-26T21:31:39.261+02:00
6,10.215.173.1,54330,142.251.39.206,443,10345,Agar.io,com.miniclip.agar.io,HTTPS,Closed,fundingchoicesmessages.google.com,2256,157978,21,34,2026-06-26T21:31:39.270+02:00,2026-06-26T21:31:53.060+02:00
17,10.215.173.1,23896,10.215.173.2,53,10345,Agar.io,com.miniclip.agar.io,DNS,Closed,mobile-live-v26.agario.miniclippt.com,83,131,1,1,2026-06-26T21:31:39.363+02:00,2026-06-26T21:31:39.383+02:00
6,10.215.173.1,49242,13.38.226.253,9000,10345,Agar.io,com.miniclip.agar.io,TCP,Closed,mobile-live-v26.agario.miniclippt.com,240,40,4,1,2026-06-26T21:31:39.389+02:00,2026-06-26T21:32:50.302+02:00
17,10.215.173.1,43074,10.215.173.2,53,10345,Agar.io,com.miniclip.agar.io,DNS,Closed,fonts.googleapis.com,66,82,1,1,2026-06-26T21:31:40.036+02:00,2026-06-26T21:31:40.043+02:00
6,10.215.173.1,41682,64.233.184.95,443,10345,Agar.io,com.miniclip.agar.io,HTTPS,Closed,fonts.googleapis.com,3458,15077,12,12,2026-06-26T21:31:40.046+02:00,2026-06-26T21:31:53.058+02:00
17,10.215.173.1,11462,10.215.173.2,53,10345,Agar.io,com.miniclip.agar.io,DNS,Closed,fonts.gstatic.com,63,79,1,1,2026-06-26T21:31:40.184+02:00,2026-06-26T21:31:40.192+02:00
6,10.215.173.1,45044,142.251.209.131,443,10345,Agar.io,com.miniclip.agar.io,HTTPS,Closed,fonts.gstatic.com,3099,51308,14,16,2026-06-26T21:31:40.197+02:00,2026-06-26T21:31:53.058+02:00
17,10.215.173.1,19530,10.215.173.2,53,10251,Google Play Store,com.android.vending,DNS,Closed,android.clients.google.com,72,256,1,1,2026-06-26T21:31:41.112+02:00,2026-06-26T21:31:41.129+02:00
17,10.215.173.1,45515,10.215.173.2,53,10251,Google Play Store,com.android.vending,DNS,Closed,playstoregatewayadapter-pa.googleapis.com,87,151,1,1,2026-06-26T21:31:41.148+02:00,2026-06-26T21:31:41.156+02:00
17,10.215.173.1,13030,10.215.173.2,53,10251,Google Play Store,com.android.vending,DNS,Closed,prod-lt-playstoregatewayadapter-pa.googleapis.com,95,159,1,1,2026-06-26T21:31:41.174+02:00,2026-06-26T21:31:41.184+02:00
17,10.215.173.1,52316,10.215.173.2,53,10251,Google Play Store,com.android.vending,DNS,Closed,play-lh.googleusercontent.com,75,91,1,1,2026-06-26T21:31:41.189+02:00,2026-06-26T21:31:41.198+02:00
17,10.215.173.1,48748,10.215.173.2,53,10251,Google Play Store,com.android.vending,DNS,Closed,i.ytimg.com,57,265,1,1,2026-06-26T21:31:41.205+02:00,2026-06-26T21:31:41.216+02:00
17,10.215.173.1,41763,172.217.20.46,443,10251,Google Play Store,com.android.vending,QUIC,Closed,android.clients.google.com,7927,9690,16,16,2026-06-26T21:31:41.241+02:00,2026-06-26T21:31:41.391+02:00
6,10.215.173.1,48646,172.217.20.46,443,10251,Google Play Store,com.android.vending,HTTPS,Closed,play-fe.googleapis.com,2154,7062,7,7,2026-06-26T21:31:41.246+02:00,2026-06-26T21:32:45.209+02:00
17,10.215.173.1,34769,10.215.173.2,53,10308,Facebook,com.facebook.katana,DNS,Closed,scontent-cdg4-2.xx.fbcdn.net,74,90,1,1,2026-06-26T21:31:41.547+02:00,2026-06-26T21:31:41.554+02:00
17,10.215.173.1,41481,157.240.202.1,443,10308,Facebook,com.facebook.katana,QUIC,Closed,,7091,90247,15,77,2026-06-26T21:31:41.551+02:00,2026-06-26T21:31:41.691+02:00
17,10.215.173.1,43307,10.215.173.2,53,10251,Google Play Store,com.android.vending,DNS,Closed,connectivitycheck.gstatic.com,75,91,1,1,2026-06-26T21:31:41.606+02:00,2026-06-26T21:31:41.626+02:00
6,10.215.173.1,34994,172.217.20.35,443,10251,Google Play Store,com.android.vending,HTTPS,Closed,connectivitycheck.gstatic.com,1175,5237,8,8,2026-06-26T21:31:41.632+02:00,2026-06-26T21:32:45.209+02:00
17,10.215.173.1,30417,10.215.173.2,53,10350,PCAPdroid,com.emanuelef.remote_capture,DNS,Closed,firebaselogging.googleapis.com,76,140,1,1,2026-06-26T21:31:52.080+02:00,2026-06-26T21:31:52.148+02:00
6,10.215.173.1,35642,216.239.36.223,443,10350,PCAPdroid,com.emanuelef.remote_capture,HTTPS,Closed,firebaselogging.googleapis.com,2078,5989,8,8,2026-06-26T21:31:52.155+02:00,2026-06-26T21:32:55.317+02:00
17,10.215.173.1,8664,10.215.173.2,53,10247,Services Google Play,com.google.android.gms,DNS,Closed,mtalk.google.com,62,117,1,1,2026-06-26T21:32:30.022+02:00,2026-06-26T21:32:30.084+02:00
6,10.215.173.1,57452,74.125.71.188,5228,10247,Services Google Play,com.google.android.gms,TLS,Closed,mtalk.google.com,1322,1148,7,7,2026-06-26T21:32:30.093+02:00,2026-06-26T21:33:30.365+02:00
17,10.215.173.1,47636,10.215.173.2,53,10247,Services Google Play,com.google.android.gms,DNS,Closed,android.apis.google.com,69,109,1,1,2026-06-26T21:32:30.226+02:00,2026-06-26T21:32:30.250+02:00
17,10.215.173.1,37241,142.251.39.206,443,10247,Services Google Play,com.google.android.gms,QUIC,Closed,android.apis.google.com,6122,6007,11,13,2026-06-26T21:32:30.259+02:00,2026-06-26T21:32:30.403+02:00
6,10.215.173.1,41178,216.239.34.223,443,10251,Google Play Store,com.android.vending,HTTPS,Closed,play.googleapis.com,5298,8025,9,11,2026-06-26T21:32:48.635+02:00,2026-06-26T21:33:05.606+02:00
17,10.215.173.1,33484,10.215.173.2,53,10345,Agar.io,com.miniclip.agar.io,DNS,Closed,configs.agario.miniclippt.com,75,139,1,1,2026-06-26T21:32:56.305+02:00,2026-06-26T21:32:56.382+02:00
17,10.215.173.1,34746,10.215.173.2,53,10345,Agar.io,com.miniclip.agar.io,DNS,Closed,firebaselogging-pa.googleapis.com,79,143,1,1,2026-06-26T21:32:56.333+02:00,2026-06-26T21:32:56.380+02:00
6,10.215.173.1,60712,216.239.34.223,443,10345,Agar.io,com.miniclip.agar.io,HTTPS,Error,firebaselogging-pa.googleapis.com,2547,6104,9,8,2026-06-26T21:32:56.389+02:00,2026-06-26T21:33:06.428+02:00
6,10.215.173.1,42178,99.86.109.23,443,10345,Agar.io,com.miniclip.agar.io,HTTPS,Closed,configs.agario.miniclippt.com,192378,37686900,2522,5848,2026-06-26T21:32:56.395+02:00,2026-06-26T21:33:31.757+02:00
17,10.215.173.1,35036,10.215.173.2,53,10077,Galaxy Store,com.sec.android.app.samsungapps,DNS,Closed,ureca.samsungapps.com,67,273,1,1,2026-06-26T21:32:56.410+02:00,2026-06-26T21:32:56.435+02:00
6,10.215.173.1,50448,52.49.93.39,443,10077,Galaxy Store,com.sec.android.app.samsungapps,HTTPS,Closed,ureca.samsungapps.com,2883,6549,9,10,2026-06-26T21:32:56.443+02:00,2026-06-26T21:34:30.851+02:00
17,10.215.173.1,48209,10.215.173.2,53,10345,Agar.io,com.miniclip.agar.io,DNS,Closed,mobile-live-v26.agario.miniclippt.com,83,131,1,1,2026-06-26T21:32:59.141+02:00,2026-06-26T21:32:59.167+02:00
6,10.215.173.1,56070,15.236.65.71,9000,10345,Agar.io,com.miniclip.agar.io,TCP,Closed,mobile-live-v26.agario.miniclippt.com,1373,2113,20,19,2026-06-26T21:32:59.172+02:00,2026-06-26T21:33:31.759+02:00
17,10.215.173.1,58178,10.215.173.2,53,10345,Agar.io,com.miniclip.agar.io,DNS,Closed,ec2-13-38-15-43.eu-west-3.compute.amazonaws.com,93,109,1,1,2026-06-26T21:33:04.761+02:00,2026-06-26T21:33:04.784+02:00
17,10.215.173.1,53337,172.217.20.46,443,10251,Google Play Store,com.android.vending,QUIC,Closed,android.clients.google.com,26679,137895,80,142,2026-06-26T21:33:04.909+02:00,2026-06-26T21:33:28.961+02:00
17,10.215.173.1,41763,172.217.20.46,443,10251,Google Play Store,com.android.vending,QUIC,Closed,android.clients.google.com,6768,6915,33,33,2026-06-26T21:33:04.918+02:00,2026-06-26T21:33:05.804+02:00
17,10.215.173.1,32850,10.215.173.2,53,10345,Agar.io,com.miniclip.agar.io,DNS,Closed,sereng-prod-bacon-cdn.agario.miniclippt.com,89,153,1,1,2026-06-26T21:33:05.016+02:00,2026-06-26T21:33:05.039+02:00
6,10.215.173.1,44450,13.227.231.38,443,10345,Agar.io,com.miniclip.agar.io,HTTPS,Closed,sereng-prod-bacon-cdn.agario.miniclippt.com,3293,7544,15,15,2026-06-26T21:33:05.047+02:00,2026-06-26T21:33:31.757+02:00
17,10.215.173.1,57815,13.38.15.43,23643,10345,Agar.io,com.miniclip.agar.io,Protobuf,Closed,ec2-13-38-15-43.eu-west-3.compute.amazonaws.com,387,477,9,10,2026-06-26T21:33:05.097+02:00,2026-06-26T21:33:30.377+02:00
17,10.215.173.1,45983,10.215.173.2,53,10345,Agar.io,com.miniclip.agar.io,DNS,Closed,cm.sereng.miniclippt.com,70,102,1,1,2026-06-26T21:33:05.239+02:00,2026-06-26T21:33:05.259+02:00
17,10.215.173.1,3690,10.215.173.2,53,10345,Agar.io,com.miniclip.agar.io,DNS,Closed,8ab37f74-4794-4628-8307-91c290ab1b9c.goliath.atlas.bi.miniclippt.com,114,146,1,1,2026-06-26T21:33:05.265+02:00,2026-06-26T21:33:05.298+02:00
6,10.215.173.1,54596,63.184.135.179,443,10345,Agar.io,com.miniclip.agar.io,HTTPS,Closed,cm.sereng.miniclippt.com,2915,5574,16,17,2026-06-26T21:33:05.270+02:00,2026-06-26T21:33:31.760+02:00
17,10.215.173.1,3691,10.215.173.2,53,10345,Agar.io,com.miniclip.agar.io,DNS,Closed,ms.applovin.com,61,77,1,1,2026-06-26T21:33:05.294+02:00,2026-06-26T21:33:05.315+02:00
6,10.215.173.1,35872,18.196.114.187,443,10345,Agar.io,com.miniclip.agar.io,TLS,Closed,8ab37f74-4794-4628-8307-91c290ab1b9c.goliath.atlas.bi.miniclippt.com,3334,6102,14,14,2026-06-26T21:33:05.303+02:00,2026-06-26T21:33:31.760+02:00
17,10.215.173.1,16132,10.215.173.2,53,10345,Agar.io,com.miniclip.agar.io,DNS,Closed,newsfeed.miniclippt.com,69,181,1,1,2026-06-26T21:33:05.308+02:00,2026-06-26T21:33:05.331+02:00
6,10.215.173.1,59034,34.102.162.219,443,10345,Agar.io,com.miniclip.agar.io,HTTPS,Error,ms.applovin.com,6595,26794,12,13,2026-06-26T21:33:05.319+02:00,2026-06-26T21:33:07.189+02:00
6,10.215.173.1,55610,18.192.138.14,443,10345,Agar.io,com.miniclip.agar.io,TLS,Closed,newsfeed.miniclippt.com,2659,5687,10,9,2026-06-26T21:33:05.337+02:00,2026-06-26T21:33:31.757+02:00
17,10.215.173.1,33094,10.215.173.2,53,10345,Agar.io,com.miniclip.agar.io,DNS,Closed,prod-nf-assets.webeng.miniclip.com,80,144,1,1,2026-06-26T21:33:05.459+02:00,2026-06-26T21:33:05.479+02:00
6,10.215.173.1,47204,18.164.52.51,443,10345,Agar.io,com.miniclip.agar.io,HTTPS,Closed,prod-nf-assets.webeng.miniclip.com,3379,182753,23,39,2026-06-26T21:33:05.484+02:00,2026-06-26T21:33:31.757+02:00
6,10.215.173.1,47218,18.164.52.51,443,10345,Agar.io,com.miniclip.agar.io,HTTPS,Closed,prod-nf-assets.webeng.miniclip.com,3395,176718,21,33,2026-06-26T21:33:05.489+02:00,2026-06-26T21:33:31.757+02:00
6,10.215.173.1,47222,18.164.52.51,443,10345,Agar.io,com.miniclip.agar.io,HTTPS,Closed,prod-nf-assets.webeng.miniclip.com,4779,796655,58,107,2026-06-26T21:33:05.492+02:00,2026-06-26T21:33:31.757+02:00
6,10.215.173.1,42152,142.251.39.206,443,10345,Agar.io,com.miniclip.agar.io,HTTPS,Error,fundingchoicesmessages.google.com,2265,153716,19,29,2026-06-26T21:33:05.578+02:00,2026-06-26T21:33:07.179+02:00
17,10.215.173.1,40816,18.164.52.51,443,10345,Agar.io,com.miniclip.agar.io,QUIC,Closed,prod-nf-assets.webeng.miniclip.com,4360,7559,9,9,2026-06-26T21:33:05.584+02:00,2026-06-26T21:33:05.662+02:00
17,10.215.173.1,60395,142.251.209.131,443,10345,Agar.io,com.miniclip.agar.io,QUIC,Closed,fonts.gstatic.com,4148,8873,6,10,2026-06-26T21:33:06.091+02:00,2026-06-26T21:33:06.259+02:00
6,10.215.173.1,42154,142.251.39.206,443,10345,Agar.io,com.miniclip.agar.io,HTTPS,Closed,fundingchoicesmessages.google.com,6347,11527,24,20,2026-06-26T21:33:06.112+02:00,2026-06-26T21:33:31.757+02:00
6,10.215.173.1,42160,142.251.39.206,443,10345,Agar.io,com.miniclip.agar.io,HTTPS,Closed,fundingchoicesmessages.google.com,2149,7706,7,7,2026-06-26T21:33:06.125+02:00,2026-06-26T21:33:06.728+02:00
17,10.215.173.1,29296,10.215.173.2,53,10345,Agar.io,com.miniclip.agar.io,DNS,Closed,sts.applovin.com,62,78,1,1,2026-06-26T21:33:06.130+02:00,2026-06-26T21:33:06.176+02:00
17,10.215.173.1,49091,10.215.173.2,53,10345,Agar.io,com.miniclip.agar.io,DNS,Closed,d.applovin.com,60,76,1,1,2026-06-26T21:33:06.157+02:00,2026-06-26T21:33:06.192+02:00
6,10.215.173.1,56966,34.111.80.193,443,10345,Agar.io,com.miniclip.agar.io,HTTPS,Error,sts.applovin.com,2393,5652,10,9,2026-06-26T21:33:06.184+02:00,2026-06-26T21:33:07.560+02:00
6,10.215.173.1,58720,34.110.179.88,443,10345,Agar.io,com.miniclip.agar.io,HTTPS,Error,d.applovin.com,5763,6676,9,8,2026-06-26T21:33:06.197+02:00,2026-06-26T21:33:07.798+02:00
17,10.215.173.1,7779,10.215.173.2,53,10345,Agar.io,com.miniclip.agar.io,DNS,Closed,rt.applovin.com,61,77,1,1,2026-06-26T21:33:06.221+02:00,2026-06-26T21:33:06.241+02:00
6,10.215.173.1,50150,34.117.147.68,443,10345,Agar.io,com.miniclip.agar.io,HTTPS,Error,rt.applovin.com,5789,5911,9,8,2026-06-26T21:33:06.249+02:00,2026-06-26T21:33:07.672+02:00
17,10.215.173.1,21676,10.215.173.2,53,10345,Agar.io,com.miniclip.agar.io,DNS,Closed,googleads.g.doubleclick.net,73,89,1,1,2026-06-26T21:33:06.929+02:00,2026-06-26T21:33:06.955+02:00
6,10.215.173.1,44134,142.251.39.194,443,10345,Agar.io,com.miniclip.agar.io,HTTPS,Closed,googleads.g.doubleclick.net,5019,221917,37,60,2026-06-26T21:33:06.959+02:00,2026-06-26T21:33:31.757+02:00
17,10.215.173.1,21375,10.215.173.2,53,10345,Agar.io,com.miniclip.agar.io,DNS,Closed,cdn2.inner-active.mobi,68,130,1,1,2026-06-26T21:33:07.068+02:00,2026-06-26T21:33:07.088+02:00
17,10.215.173.1,58656,10.215.173.2,53,10247,Services Google Play,com.google.android.gms,DNS,Closed,safebrowsing.googleapis.com,73,89,1,1,2026-06-26T21:33:07.081+02:00,2026-06-26T21:33:07.089+02:00
6,10.215.173.1,38030,151.101.123.52,443,10345,Agar.io,com.miniclip.agar.io,HTTPS,Closed,cdn2.inner-active.mobi,1826,9208,13,13,2026-06-26T21:33:07.094+02:00,2026-06-26T21:33:08.213+02:00
17,10.215.173.1,57564,74.125.71.95,443,10247,Services Google Play,com.google.android.gms,QUIC,Closed,safebrowsing.googleapis.com,7666,10080,13,15,2026-06-26T21:33:07.102+02:00,2026-06-26T21:33:07.222+02:00
6,10.215.173.1,38042,151.101.123.52,443,10345,Agar.io,com.miniclip.agar.io,HTTPS,Error,cdn2.inner-active.mobi,1329,5354,9,8,2026-06-26T21:33:07.107+02:00,2026-06-26T21:33:07.932+02:00
17,10.215.173.1,3925,10.215.173.2,53,10345,Agar.io,com.miniclip.agar.io,DNS,Closed,www.facebook.com,62,107,1,1,2026-06-26T21:33:07.160+02:00,2026-06-26T21:33:07.179+02:00
6,10.215.173.1,34492,157.240.202.35,443,10345,Agar.io,com.miniclip.agar.io,HTTPS,Error,www.facebook.com,4185,9692,9,9,2026-06-26T21:33:07.183+02:00,2026-06-26T21:33:08.221+02:00
17,10.215.173.1,27294,10.215.173.2,53,10345,Agar.io,com.miniclip.agar.io,DNS,Closed,analytics-tcp.mintegral.net,73,89,1,1,2026-06-26T21:33:07.377+02:00,2026-06-26T21:33:07.425+02:00
17,10.215.173.1,44839,142.251.39.194,443,10345,Agar.io,com.miniclip.agar.io,QUIC,Closed,googleads.g.doubleclick.net,10684,222407,75,185,2026-06-26T21:33:07.423+02:00,2026-06-26T21:33:25.426+02:00
6,10.215.173.1,38548,35.204.204.39,9377,10345,Agar.io,com.miniclip.agar.io,TCP,Closed,analytics-tcp.mintegral.net,1789,257,6,6,2026-06-26T21:33:07.436+02:00,2026-06-26T21:33:08.564+02:00
17,10.215.173.1,27065,10.215.173.2,53,10345,Agar.io,com.miniclip.agar.io,DNS,Closed,sdkapi.dsp-api.moloco.com,71,87,1,1,2026-06-26T21:33:07.468+02:00,2026-06-26T21:33:07.489+02:00
17,10.215.173.1,30928,10.215.173.2,53,10345,Agar.io,com.miniclip.agar.io,DNS,Closed,i-sdk.mediation.unity3d.com,73,137,1,1,2026-06-26T21:33:07.486+02:00,2026-06-26T21:33:07.506+02:00
6,10.215.173.1,49774,34.54.122.72,443,10345,Agar.io,com.miniclip.agar.io,HTTPS,Error,sdkapi.dsp-api.moloco.com,1670,8519,9,8,2026-06-26T21:33:07.492+02:00,2026-06-26T21:33:08.243+02:00
6,10.215.173.1,44114,13.226.144.68,443,10345,Agar.io,com.miniclip.agar.io,HTTPS,Closed,i-sdk.mediation.unity3d.com,2663,13441,10,10,2026-06-26T21:33:07.536+02:00,2026-06-26T21:33:08.294+02:00
17,10.215.173.1,18332,10.215.173.2,53,10345,Agar.io,com.miniclip.agar.io,DNS,Closed,api.bidmachine.io,63,95,1,1,2026-06-26T21:33:07.550+02:00,2026-06-26T21:33:07.571+02:00
6,10.215.173.1,53378,104.18.3.182,443,10345,Agar.io,com.miniclip.agar.io,HTTPS,Error,api.bidmachine.io,2532,5887,9,8,2026-06-26T21:33:07.581+02:00,2026-06-26T21:33:08.335+02:00
17,10.215.173.1,60818,10.215.173.2,53,10345,Agar.io,com.miniclip.agar.io,DNS,Closed,configure.rayjump.com,67,184,1,1,2026-06-26T21:33:07.778+02:00,2026-06-26T21:33:07.809+02:00
17,10.215.173.1,27311,10.215.173.2,53,10345,Agar.io,com.miniclip.agar.io,DNS,Closed,config.ads.vungle.com,67,195,1,1,2026-06-26T21:33:07.842+02:00,2026-06-26T21:33:07.867+02:00
6,10.215.173.1,58648,44.220.217.149,443,10345,Agar.io,com.miniclip.agar.io,HTTPS,Closed,config.ads.vungle.com,3304,7330,11,13,2026-06-26T21:33:07.875+02:00,2026-06-26T21:33:09.238+02:00
6,10.215.173.1,57598,18.245.86.97,443,10345,Agar.io,com.miniclip.agar.io,HTTPS,Closed,configure.rayjump.com,1933,8890,12,13,2026-06-26T21:33:07.915+02:00,2026-06-26T21:33:08.127+02:00
17,10.215.173.1,54839,10.215.173.2,53,10345,Agar.io,com.miniclip.agar.io,DNS,Closed,o-sdk.mediation.unity3d.com,73,137,1,1,2026-06-26T21:33:07.967+02:00,2026-06-26T21:33:07.986+02:00
6,10.215.173.1,43568,18.245.253.31,443,10345,Agar.io,com.miniclip.agar.io,HTTPS,Closed,o-sdk.mediation.unity3d.com,2864,5762,10,10,2026-06-26T21:33:07.990+02:00,2026-06-26T21:33:08.431+02:00
6,10.215.173.1,43570,18.245.253.31,443,10345,Agar.io,com.miniclip.agar.io,HTTPS,Closed,o-sdk.mediation.unity3d.com,2656,5762,10,10,2026-06-26T21:33:07.991+02:00,2026-06-26T21:33:08.904+02:00
17,10.215.173.1,54103,10.215.173.2,53,10345,Agar.io,com.miniclip.agar.io,DNS,Closed,cdn.iads.unity3d.com,66,82,1,1,2026-06-26T21:33:08.044+02:00,2026-06-26T21:33:08.070+02:00
17,10.215.173.1,12051,10.215.173.2,53,10345,Agar.io,com.miniclip.agar.io,DNS,Closed,sdkopmetrics-us.dsp-api.moloco.com,80,96,1,1,2026-06-26T21:33:08.056+02:00,2026-06-26T21:33:08.078+02:00
17,10.215.173.1,40601,10.215.173.2,53,10345,Agar.io,com.miniclip.agar.io,DNS,Closed,gateway.unityads.unity3d.com,74,136,1,1,2026-06-26T21:33:08.060+02:00,2026-06-26T21:33:08.078+02:00
6,10.215.173.1,43584,18.245.253.31,443,10345,Agar.io,com.miniclip.agar.io,HTTPS,Closed,o-sdk.mediation.unity3d.com,2670,1144,10,10,2026-06-26T21:33:08.063+02:00,2026-06-26T21:33:08.939+02:00
6,10.215.173.1,46324,52.84.63.80,443,10345,Agar.io,com.miniclip.agar.io,HTTPS,Closed,cdn.iads.unity3d.com,1265,17228,10,12,2026-06-26T21:33:08.076+02:00,2026-06-26T21:33:08.801+02:00
6,10.215.173.1,60984,34.110.173.122,443,10345,Agar.io,com.miniclip.agar.io,HTTPS,Closed,sdkopmetrics-us.dsp-api.moloco.com,1543,8186,9,9,2026-06-26T21:33:08.093+02:00,2026-06-26T21:33:09.456+02:00
17,10.215.173.1,50588,34.149.76.49,443,10345,Agar.io,com.miniclip.agar.io,QUIC,Closed,gateway.unityads.unity3d.com,9470,16803,24,25,2026-06-26T21:33:08.104+02:00,2026-06-26T21:33:09.035+02:00
6,10.215.173.1,60598,34.149.76.49,443,10345,Agar.io,com.miniclip.agar.io,HTTPS,Closed,gateway.unityads.unity3d.com,2134,5427,7,6,2026-06-26T21:33:08.115+02:00,2026-06-26T21:33:31.757+02:00
17,10.215.173.1,3677,10.215.173.2,53,10345,Agar.io,com.miniclip.agar.io,DNS,Closed,hybird.mtgglobals.com,67,174,1,1,2026-06-26T21:33:08.121+02:00,2026-06-26T21:33:08.137+02:00
17,10.215.173.1,41315,10.215.173.2,53,10345,Agar.io,com.miniclip.agar.io,DNS,Closed,cdn-adn-https.mtgglobals.com,74,181,1,1,2026-06-26T21:33:08.124+02:00,2026-06-26T21:33:08.152+02:00
6,10.215.173.1,34016,13.33.153.20,443,10345,Agar.io,com.miniclip.agar.io,HTTPS,Error,hybird.mtgglobals.com,1332,10215,10,11,2026-06-26T21:33:08.144+02:00,2026-06-26T21:33:08.291+02:00
6,10.215.173.1,60664,99.84.152.108,443,10345,Agar.io,com.miniclip.agar.io,HTTPS,Closed,cdn-adn-https.mtgglobals.com,1717,46362,19,23,2026-06-26T21:33:08.171+02:00,2026-06-26T21:33:08.404+02:00
17,10.215.173.1,6360,10.215.173.2,53,10345,Agar.io,com.miniclip.agar.io,DNS,Closed,0hcxwv-cdn-settings.appsflyersdk.com,82,146,1,1,2026-06-26T21:33:08.228+02:00,2026-06-26T21:33:08.274+02:00
6,10.215.173.1,50568,13.224.204.40,443,10345,Agar.io,com.miniclip.agar.io,HTTPS,Error,0hcxwv-cdn-settings.appsflyersdk.com,1396,5982,11,10,2026-06-26T21:33:08.286+02:00,2026-06-26T21:33:09.444+02:00
17,10.215.173.1,64127,10.215.173.2,53,10345,Agar.io,com.miniclip.agar.io,DNS,Closed,cdn-lb.vungle.com,63,201,1,1,2026-06-26T21:33:08.360+02:00,2026-06-26T21:33:08.381+02:00
6,10.215.173.1,58920,2.21.244.154,443,10345,Agar.io,com.miniclip.agar.io,HTTPS,Closed,cdn-lb.vungle.com,1331,32346,12,18,2026-06-26T21:33:08.390+02:00,2026-06-26T21:33:31.759+02:00
6,10.215.173.1,54600,63.184.135.179,443,10345,Agar.io,com.miniclip.agar.io,HTTPS,Closed,cm.sereng.miniclippt.com,3052,5005,10,7,2026-06-26T21:33:08.465+02:00,2026-06-26T21:33:31.757+02:00
17,10.215.173.1,45964,10.215.173.2,53,10345,Agar.io,com.miniclip.agar.io,DNS,Closed,0hcxwv-attr.appsflyersdk.com,74,138,1,1,2026-06-26T21:33:08.551+02:00,2026-06-26T21:33:08.591+02:00
6,10.215.173.1,50702,143.204.108.114,443,10345,Agar.io,com.miniclip.agar.io,HTTPS,Error,0hcxwv-attr.appsflyersdk.com,4996,5770,10,9,2026-06-26T21:33:08.599+02:00,2026-06-26T21:33:09.458+02:00
17,10.215.173.1,57666,10.215.173.2,53,10345,Agar.io,com.miniclip.agar.io,DNS,Closed,0hcxwv-launches.appsflyersdk.com,78,142,1,1,2026-06-26T21:33:08.703+02:00,2026-06-26T21:33:08.747+02:00
6,10.215.173.1,46334,52.84.63.80,443,10345,Agar.io,com.miniclip.agar.io,HTTPS,Closed,cdn.iads.unity3d.com,2840,7501,9,7,2026-06-26T21:33:08.709+02:00,2026-06-26T21:33:31.757+02:00
17,10.215.173.1,41453,10.215.173.2,53,10345,Agar.io,com.miniclip.agar.io,DNS,Closed,code.jquery.com,61,125,1,1,2026-06-26T21:33:08.714+02:00,2026-06-26T21:33:08.747+02:00
6,10.215.173.1,50226,52.222.153.130,443,10345,Agar.io,com.miniclip.agar.io,HTTPS,Error,0hcxwv-launches.appsflyersdk.com,4456,5770,9,9,2026-06-26T21:33:08.763+02:00,2026-06-26T21:33:09.461+02:00
6,10.215.173.1,43704,151.101.65.155,443,10345,Agar.io,com.miniclip.agar.io,HTTPS,Closed,code.jquery.com,2908,39254,12,13,2026-06-26T21:33:08.768+02:00,2026-06-26T21:33:31.757+02:00
6,10.215.173.1,49778,34.54.122.72,443,10345,Agar.io,com.miniclip.agar.io,HTTPS,Error,sdkapi.dsp-api.moloco.com,1574,9126,9,8,2026-06-26T21:33:08.791+02:00,2026-06-26T21:33:09.462+02:00
17,10.215.173.1,6369,10.215.173.2,53,10345,Agar.io,com.miniclip.agar.io,DNS,Closed,0hcxwv-gcdsdk.appsflyersdk.com,76,140,1,1,2026-06-26T21:33:08.886+02:00,2026-06-26T21:33:08.918+02:00
17,10.215.173.1,46681,216.239.32.36,443,10247,Services Google Play,com.google.android.gms,QUIC,Closed,region1.app-measurement.com,6164,5083,13,15,2026-06-26T21:33:08.894+02:00,2026-06-26T21:33:09.058+02:00
6,10.215.173.1,44146,142.251.39.194,443,10247,Services Google Play,com.google.android.gms,HTTPS,Closed,googleads.g.doubleclick.net,3707,7750,17,16,2026-06-26T21:33:08.903+02:00,2026-06-26T21:34:10.644+02:00
6,10.215.173.1,45816,3.164.160.113,443,10345,Agar.io,com.miniclip.agar.io,HTTPS,Closed,0hcxwv-gcdsdk.appsflyersdk.com,1493,6048,11,11,2026-06-26T21:33:08.921+02:00,2026-06-26T21:33:10.040+02:00
6,10.215.173.1,46338,52.84.63.80,443,10345,Agar.io,com.miniclip.agar.io,HTTPS,Closed,cdn.iads.unity3d.com,3257,154312,19,28,2026-06-26T21:33:08.924+02:00,2026-06-26T21:33:31.758+02:00
17,10.215.173.1,41678,142.251.39.194,443,10247,Services Google Play,com.google.android.gms,QUIC,Closed,googleads.g.doubleclick.net,5189,9538,9,13,2026-06-26T21:33:09.081+02:00,2026-06-26T21:33:25.756+02:00
6,10.215.173.1,46344,52.84.63.80,443,10345,Agar.io,com.miniclip.agar.io,HTTPS,Error,cdn.iads.unity3d.com,1184,3849,8,8,2026-06-26T21:33:09.299+02:00,2026-06-26T21:33:09.465+02:00
6,10.215.173.1,46360,52.84.63.80,443,10345,Agar.io,com.miniclip.agar.io,HTTPS,Closed,cdn.iads.unity3d.com,1266,9198,10,11,2026-06-26T21:33:09.301+02:00,2026-06-26T21:33:09.562+02:00
6,10.215.173.1,46376,52.84.63.80,443,10345,Agar.io,com.miniclip.agar.io,HTTPS,Closed,cdn.iads.unity3d.com,1213,6602,9,10,2026-06-26T21:33:09.311+02:00,2026-06-26T21:33:10.732+02:00
6,10.215.173.1,46392,52.84.63.80,443,10345,Agar.io,com.miniclip.agar.io,HTTPS,Error,cdn.iads.unity3d.com,1971,264177,28,47,2026-06-26T21:33:09.316+02:00,2026-06-26T21:33:23.273+02:00
6,10.215.173.1,46398,52.84.63.80,443,10345,Agar.io,com.miniclip.agar.io,HTTPS,Error,cdn.iads.unity3d.com,1212,10487,9,8,2026-06-26T21:33:09.321+02:00,2026-06-26T21:33:09.498+02:00
6,10.215.173.1,46404,52.84.63.80,443,10345,Agar.io,com.miniclip.agar.io,HTTPS,Error,cdn.iads.unity3d.com,1762,153500,22,36,2026-06-26T21:33:09.329+02:00,2026-06-26T21:33:17.243+02:00
6,10.215.173.1,46420,52.84.63.80,443,10345,Agar.io,com.miniclip.agar.io,HTTPS,Error,cdn.iads.unity3d.com,1202,7976,8,8,2026-06-26T21:33:09.335+02:00,2026-06-26T21:33:09.472+02:00
6,10.215.173.1,43714,151.101.65.155,443,10345,Agar.io,com.miniclip.agar.io,HTTPS,Error,code.jquery.com,1238,38297,10,11,2026-06-26T21:33:09.344+02:00,2026-06-26T21:33:12.136+02:00
6,10.215.173.1,46428,52.84.63.80,443,10345,Agar.io,com.miniclip.agar.io,HTTPS,Closed,cdn.iads.unity3d.com,1206,5936,9,10,2026-06-26T21:33:09.354+02:00,2026-06-26T21:33:11.700+02:00
17,10.215.173.1,33814,10.215.173.2,53,10345,Agar.io,com.miniclip.agar.io,DNS,Closed,ae.iads.unity3d.com,65,129,1,1,2026-06-26T21:33:09.359+02:00,2026-06-26T21:33:09.390+02:00
6,10.215.173.1,55374,3.174.46.38,443,10345,Agar.io,com.miniclip.agar.io,HTTPS,Closed,ae.iads.unity3d.com,3801,6809,10,10,2026-06-26T21:33:09.396+02:00,2026-06-26T21:33:31.757+02:00
17,10.215.173.1,21331,10.215.173.2,53,10345,Agar.io,com.miniclip.agar.io,DNS,Closed,ms4.applovin.com,62,78,1,1,2026-06-26T21:33:09.573+02:00,2026-06-26T21:33:09.593+02:00
6,10.215.173.1,59040,34.102.162.219,443,10345,Agar.io,com.miniclip.agar.io,HTTPS,Error,ms4.applovin.com,29642,290457,69,66,2026-06-26T21:33:09.600+02:00,2026-06-26T21:33:24.454+02:00
6,10.215.173.1,59056,34.102.162.219,443,10345,Agar.io,com.miniclip.agar.io,HTTPS,Error,ms4.applovin.com,28136,169426,27,39,2026-06-26T21:33:09.613+02:00,2026-06-26T21:33:23.804+02:00
17,10.215.173.1,64120,10.215.173.2,53,10345,Agar.io,com.miniclip.agar.io,DNS,Closed,config.inmobi.com,63,256,1,1,2026-06-26T21:33:10.327+02:00,2026-06-26T21:33:10.354+02:00
6,10.215.173.1,51824,35.212.14.162,443,10345,Agar.io,com.miniclip.agar.io,HTTPS,Closed,config.inmobi.com,4583,10617,13,13,2026-06-26T21:33:10.371+02:00,2026-06-26T21:33:28.502+02:00
6,10.215.173.1,44150,142.251.39.194,443,10247,Services Google Play,com.google.android.gms,HTTPS,Closed,googleads.g.doubleclick.net,320290,153123,88,79,2026-06-26T21:33:12.127+02:00,2026-06-26T21:34:30.851+02:00
6,10.215.173.1,44162,142.251.39.194,443,10247,Services Google Play,com.google.android.gms,HTTPS,Closed,googleads.g.doubleclick.net,211391,35706,52,46,2026-06-26T21:33:12.589+02:00,2026-06-26T21:34:25.727+02:00
17,10.215.173.1,14441,10.215.173.2,53,10345,Agar.io,com.miniclip.agar.io,DNS,Closed,logs.ads.vungle.com,65,193,1,1,2026-06-26T21:33:13.297+02:00,2026-06-26T21:33:13.331+02:00
6,10.215.173.1,44178,142.251.39.194,443,10345,Agar.io,com.miniclip.agar.io,HTTPS,Closed,googleads.g.doubleclick.net,1915,6085,7,8,2026-06-26T21:33:13.328+02:00,2026-06-26T21:33:13.466+02:00
6,10.215.173.1,39024,98.82.241.170,443,10345,Agar.io,com.miniclip.agar.io,HTTPS,Closed,logs.ads.vungle.com,2846,6291,10,12,2026-06-26T21:33:13.336+02:00,2026-06-26T21:33:14.669+02:00
6,10.215.173.1,44184,142.251.39.194,443,10345,Agar.io,com.miniclip.agar.io,HTTPS,Closed,googleads.g.doubleclick.net,2014,2087,7,8,2026-06-26T21:33:13.619+02:00,2026-06-26T21:33:13.734+02:00
6,10.215.173.1,51464,142.251.39.194,443,10345,Agar.io,com.miniclip.agar.io,HTTPS,Closed,googleads.g.doubleclick.net,2055,1766,7,8,2026-06-26T21:33:14.374+02:00,2026-06-26T21:33:14.485+02:00
6,10.215.173.1,51474,142.251.39.194,443,10345,Agar.io,com.miniclip.agar.io,HTTPS,Closed,googleads.g.doubleclick.net,2055,1766,7,8,2026-06-26T21:33:14.504+02:00,2026-06-26T21:33:14.612+02:00
6,10.215.173.1,51480,142.251.39.194,443,10345,Agar.io,com.miniclip.agar.io,HTTPS,Closed,googleads.g.doubleclick.net,2055,1766,7,8,2026-06-26T21:33:15.226+02:00,2026-06-26T21:33:15.341+02:00
6,10.215.173.1,51496,142.251.39.194,443,10345,Agar.io,com.miniclip.agar.io,HTTPS,Closed,googleads.g.doubleclick.net,2055,1766,7,8,2026-06-26T21:33:15.441+02:00,2026-06-26T21:33:15.556+02:00
6,10.215.173.1,51506,142.251.39.194,443,10345,Agar.io,com.miniclip.agar.io,HTTPS,Closed,googleads.g.doubleclick.net,2055,1766,7,8,2026-06-26T21:33:16.201+02:00,2026-06-26T21:33:16.305+02:00
6,10.215.173.1,51512,142.251.39.194,443,10345,Agar.io,com.miniclip.agar.io,HTTPS,Closed,googleads.g.doubleclick.net,2055,1766,7,8,2026-06-26T21:33:17.079+02:00,2026-06-26T21:33:17.190+02:00
17,10.215.173.1,24046,10.215.173.2,53,10345,Agar.io,com.miniclip.agar.io,DNS,Closed,prod-mediate-events.applovin.com,78,94,1,1,2026-06-26T21:33:17.090+02:00,2026-06-26T21:33:17.119+02:00
6,10.215.173.1,37218,34.102.162.219,443,10345,Agar.io,com.miniclip.agar.io,HTTPS,Closed,prod-mediate-events.applovin.com,61500,8031,26,21,2026-06-26T21:33:17.136+02:00,2026-06-26T21:33:31.759+02:00
6,10.215.173.1,51514,142.251.39.194,443,10345,Agar.io,com.miniclip.agar.io,HTTPS,Closed,googleads.g.doubleclick.net,2055,1766,7,8,2026-06-26T21:33:17.253+02:00,2026-06-26T21:33:17.369+02:00
17,10.215.173.1,54115,10.215.173.2,53,10247,Services Google Play,com.google.android.gms,DNS,Closed,pubads.g.doubleclick.net,70,86,1,1,2026-06-26T21:33:17.306+02:00,2026-06-26T21:33:17.324+02:00
6,10.215.173.1,52240,172.217.20.34,443,10247,Services Google Play,com.google.android.gms,HTTPS,Closed,pubads.g.doubleclick.net,481452,20608,88,59,2026-06-26T21:33:17.330+02:00,2026-06-26T21:34:30.851+02:00
17,10.215.173.1,31089,10.215.173.2,53,10345,Agar.io,com.miniclip.agar.io,DNS,Closed,logs.ads.vungle.com,65,193,1,1,2026-06-26T21:33:17.774+02:00,2026-06-26T21:33:17.794+02:00
6,10.215.173.1,60652,174.129.152.223,443,10345,Agar.io,com.miniclip.agar.io,HTTPS,Closed,logs.ads.vungle.com,4250,6634,13,14,2026-06-26T21:33:17.806+02:00,2026-06-26T21:33:19.388+02:00
6,10.215.173.1,51524,142.251.39.194,443,10345,Agar.io,com.miniclip.agar.io,HTTPS,Closed,googleads.g.doubleclick.net,2055,1766,7,8,2026-06-26T21:33:18.156+02:00,2026-06-26T21:33:18.251+02:00
6,10.215.173.1,51528,142.251.39.194,443,10345,Agar.io,com.miniclip.agar.io,HTTPS,Closed,googleads.g.doubleclick.net,2053,1766,7,8,2026-06-26T21:33:18.721+02:00,2026-06-26T21:33:18.831+02:00
6,10.215.173.1,51534,142.251.39.194,443,10345,Agar.io,com.miniclip.agar.io,HTTPS,Closed,googleads.g.doubleclick.net,2055,1766,7,8,2026-06-26T21:33:19.825+02:00,2026-06-26T21:33:19.924+02:00
6,10.215.173.1,51542,142.251.39.194,443,10345,Agar.io,com.miniclip.agar.io,HTTPS,Closed,googleads.g.doubleclick.net,2055,1766,7,8,2026-06-26T21:33:20.624+02:00,2026-06-26T21:33:20.731+02:00
6,10.215.173.1,51556,142.251.39.194,443,10345,Agar.io,com.miniclip.agar.io,HTTPS,Closed,googleads.g.doubleclick.net,2055,1766,7,8,2026-06-26T21:33:21.198+02:00,2026-06-26T21:33:21.313+02:00
6,10.215.173.1,60658,174.129.152.223,443,10345,Agar.io,com.miniclip.agar.io,HTTPS,Closed,logs.ads.vungle.com,3941,6473,13,16,2026-06-26T21:33:21.309+02:00,2026-06-26T21:33:22.655+02:00
6,10.215.173.1,52248,172.217.20.34,443,10247,Services Google Play,com.google.android.gms,HTTPS,Closed,pubads.g.doubleclick.net,128234,4934,27,21,2026-06-26T21:33:21.392+02:00,2026-06-26T21:34:25.727+02:00
6,10.215.173.1,42060,35.204.204.39,9377,10345,Agar.io,com.miniclip.agar.io,TCP,Closed,analytics-tcp.mintegral.net,2866,257,7,6,2026-06-26T21:33:22.371+02:00,2026-06-26T21:33:23.481+02:00
17,10.215.173.1,5400,10.215.173.2,53,10345,Agar.io,com.miniclip.agar.io,DNS,Closed,graph.facebook.com,64,104,1,1,2026-06-26T21:33:23.019+02:00,2026-06-26T21:33:23.038+02:00
6,10.215.173.1,44060,185.60.219.3,443,10345,Agar.io,com.miniclip.agar.io,HTTPS,Closed,graph.facebook.com,2003,4856,12,12,2026-06-26T21:33:23.043+02:00,2026-06-26T21:33:29.123+02:00
6,10.215.173.1,51562,142.251.39.194,443,10345,Agar.io,com.miniclip.agar.io,HTTPS,Closed,googleads.g.doubleclick.net,2055,1766,7,8,2026-06-26T21:33:23.255+02:00,2026-06-26T21:33:23.357+02:00
6,10.215.173.1,60660,174.129.152.223,443,10345,Agar.io,com.miniclip.agar.io,HTTPS,Closed,logs.ads.vungle.com,2845,6331,10,13,2026-06-26T21:33:23.293+02:00,2026-06-26T21:33:24.605+02:00
6,10.215.173.1,51574,142.251.39.194,443,10345,Agar.io,com.miniclip.agar.io,HTTPS,Closed,googleads.g.doubleclick.net,2055,1766,7,8,2026-06-26T21:33:23.338+02:00,2026-06-26T21:33:23.456+02:00
6,10.215.173.1,37954,34.111.80.193,443,10345,Agar.io,com.miniclip.agar.io,HTTPS,Closed,sts.applovin.com,3200,5652,9,9,2026-06-26T21:33:23.670+02:00,2026-06-26T21:33:31.551+02:00
6,10.215.173.1,36164,142.251.39.194,443,10345,Agar.io,com.miniclip.agar.io,HTTPS,Closed,googleads.g.doubleclick.net,10979,51575,13,16,2026-06-26T21:33:24.171+02:00,2026-06-26T21:33:28.652+02:00
17,10.215.173.1,56518,10.215.173.2,53,10345,Agar.io,com.miniclip.agar.io,DNS,Closed,pagead2.googlesyndication.com,75,91,1,1,2026-06-26T21:33:24.900+02:00,2026-06-26T21:33:24.921+02:00
17,10.215.173.1,34549,10.215.173.2,53,10345,Agar.io,com.miniclip.agar.io,DNS,Closed,fonts.googleapis.com,66,82,1,1,2026-06-26T21:33:24.905+02:00,2026-06-26T21:33:24.925+02:00
17,10.215.173.1,36565,10.215.173.2,53,10345,Agar.io,com.miniclip.agar.io,DNS,Closed,www.gstatic.com,61,77,1,1,2026-06-26T21:33:24.909+02:00,2026-06-26T21:33:24.928+02:00
17,10.215.173.1,55097,10.215.173.2,53,10345,Agar.io,com.miniclip.agar.io,DNS,Closed,tpc.googlesyndication.com,71,87,1,1,2026-06-26T21:33:24.912+02:00,2026-06-26T21:33:24.929+02:00
17,10.215.173.1,61974,10.215.173.2,53,10345,Agar.io,com.miniclip.agar.io,DNS,Closed,www.googletagservices.com,71,87,1,1,2026-06-26T21:33:24.914+02:00,2026-06-26T21:33:24.996+02:00
6,10.215.173.1,60596,142.251.142.2,443,10345,Agar.io,com.miniclip.agar.io,HTTPS,Closed,pagead2.googlesyndication.com,2113,6925,7,7,2026-06-26T21:33:24.937+02:00,2026-06-26T21:33:25.069+02:00
6,10.215.173.1,60606,142.251.142.2,443,10345,Agar.io,com.miniclip.agar.io,HTTPS,Closed,pagead2.googlesyndication.com,3539,40432,15,16,2026-06-26T21:33:24.943+02:00,2026-06-26T21:33:31.757+02:00
6,10.215.173.1,60614,142.251.142.2,443,10345,Agar.io,com.miniclip.agar.io,HTTPS,Error,pagead2.googlesyndication.com,2137,5857,6,5,2026-06-26T21:33:24.948+02:00,2026-06-26T21:33:25.053+02:00
6,10.215.173.1,34054,64.233.167.95,443,10345,Agar.io,com.miniclip.agar.io,HTTPS,Closed,fonts.googleapis.com,3212,13192,13,14,2026-06-26T21:33:24.952+02:00,2026-06-26T21:33:31.756+02:00
6,10.215.173.1,36092,172.217.16.227,443,10345,Agar.io,com.miniclip.agar.io,HTTPS,Closed,www.gstatic.com,4166,200180,28,39,2026-06-26T21:33:24.956+02:00,2026-06-26T21:33:31.757+02:00
6,10.215.173.1,36106,172.217.16.227,443,10345,Agar.io,com.miniclip.agar.io,HTTPS,Closed,www.gstatic.com,2195,6632,7,7,2026-06-26T21:33:24.960+02:00,2026-06-26T21:33:25.107+02:00
6,10.215.173.1,36114,172.217.16.227,443,10345,Agar.io,com.miniclip.agar.io,HTTPS,Closed,www.gstatic.com,2099,6632,7,7,2026-06-26T21:33:24.970+02:00,2026-06-26T21:33:25.108+02:00
6,10.215.173.1,36122,172.217.16.227,443,10345,Agar.io,com.miniclip.agar.io,HTTPS,Closed,www.gstatic.com,2195,6632,7,7,2026-06-26T21:33:24.978+02:00,2026-06-26T21:33:25.108+02:00
6,10.215.173.1,35728,172.217.22.193,443,10345,Agar.io,com.miniclip.agar.io,HTTPS,Closed,tpc.googlesyndication.com,3744,47918,18,16,2026-06-26T21:33:24.987+02:00,2026-06-26T21:33:31.758+02:00
6,10.215.173.1,35738,172.217.22.193,443,10345,Agar.io,com.miniclip.agar.io,HTTPS,Closed,tpc.googlesyndication.com,2181,6691,8,8,2026-06-26T21:33:24.990+02:00,2026-06-26T21:33:25.108+02:00
6,10.215.173.1,59246,172.217.22.98,443,10345,Agar.io,com.miniclip.agar.io,HTTPS,Closed,www.googletagservices.com,3394,100840,21,23,2026-06-26T21:33:25.020+02:00,2026-06-26T21:33:31.757+02:00
6,10.215.173.1,48180,142.251.209.131,443,10345,Agar.io,com.miniclip.agar.io,HTTPS,Closed,fonts.gstatic.com,3235,24124,15,12,2026-06-26T21:33:25.142+02:00,2026-06-26T21:33:31.757+02:00
17,10.215.173.1,41275,172.217.22.193,443,10345,Agar.io,com.miniclip.agar.io,QUIC,Closed,tpc.googlesyndication.com,4306,9070,9,11,2026-06-26T21:33:25.172+02:00,2026-06-26T21:33:25.292+02:00
17,10.215.173.1,54817,172.217.16.227,443,10345,Agar.io,com.miniclip.agar.io,QUIC,Closed,www.gstatic.com,6983,82857,40,74,2026-06-26T21:33:25.183+02:00,2026-06-26T21:33:30.156+02:00
17,10.215.173.1,42766,10.215.173.2,53,10345,Agar.io,com.miniclip.agar.io,DNS,Closed,lh3.googleusercontent.com,71,116,1,1,2026-06-26T21:33:25.205+02:00,2026-06-26T21:33:25.242+02:00
6,10.215.173.1,56108,142.251.39.97,443,10345,Agar.io,com.miniclip.agar.io,HTTPS,Closed,lh3.googleusercontent.com,3142,18217,11,8,2026-06-26T21:33:25.259+02:00,2026-06-26T21:33:31.757+02:00
17,10.215.173.1,65461,10.215.173.2,53,10345,Agar.io,com.miniclip.agar.io,DNS,Closed,csi.gstatic.com,61,93,1,1,2026-06-26T21:33:25.315+02:00,2026-06-26T21:33:25.338+02:00
6,10.215.173.1,35128,173.194.208.120,443,10345,Agar.io,com.miniclip.agar.io,HTTPS,Closed,csi.gstatic.com,5167,6441,16,17,2026-06-26T21:33:25.353+02:00,2026-06-26T21:33:31.758+02:00
6,10.215.173.1,35132,173.194.208.120,443,10345,Agar.io,com.miniclip.agar.io,HTTPS,Closed,csi.gstatic.com,2195,5331,7,7,2026-06-26T21:33:25.361+02:00,2026-06-26T21:33:25.824+02:00
17,10.215.173.1,41097,142.251.142.2,443,10345,Agar.io,com.miniclip.agar.io,QUIC,Closed,pagead2.googlesyndication.com,5147,9706,12,17,2026-06-26T21:33:25.400+02:00,2026-06-26T21:33:25.567+02:00
17,10.215.173.1,17850,10.215.173.2,53,10247,Services Google Play,com.google.android.gms,DNS,Closed,rr2---sn-5hne6n6l.googlevideo.com,79,125,1,1,2026-06-26T21:33:26.036+02:00,2026-06-26T21:33:26.088+02:00
6,10.215.173.1,51834,74.125.8.167,443,10247,Services Google Play,com.google.android.gms,HTTPS,Closed,rr2---sn-5hne6n6l.googlevideo.com,6264,7115963,114,741,2026-06-26T21:33:26.147+02:00,2026-06-26T21:33:28.193+02:00
17,10.215.173.1,36053,173.194.208.120,443,10345,Agar.io,com.miniclip.agar.io,QUIC,Closed,csi.gstatic.com,11314,9702,29,40,2026-06-26T21:33:26.168+02:00,2026-06-26T21:33:31.557+02:00
6,10.215.173.1,51836,74.125.8.167,443,10247,Services Google Play,com.google.android.gms,HTTPS,Closed,rr2---sn-5hne6n6l.googlevideo.com,7542,972250,146,215,2026-06-26T21:33:26.273+02:00,2026-06-26T21:33:27.534+02:00
6,10.215.173.1,38854,34.117.147.68,443,10345,Agar.io,com.miniclip.agar.io,HTTPS,Error,rt.applovin.com,7872,6017,11,10,2026-06-26T21:33:28.115+02:00,2026-06-26T21:33:31.564+02:00
6,10.215.173.1,41512,174.129.152.223,443,10345,Agar.io,com.miniclip.agar.io,HTTPS,Closed,logs.ads.vungle.com,3169,6455,12,15,2026-06-26T21:33:28.394+02:00,2026-06-26T21:33:29.746+02:00
17,10.215.173.1,29847,10.215.173.2,53,10345,Agar.io,com.miniclip.agar.io,DNS,Closed,imasdk.googleapis.com,67,83,1,1,2026-06-26T21:33:28.792+02:00,2026-06-26T21:33:28.810+02:00
6,10.215.173.1,42636,66.102.1.95,443,10345,Agar.io,com.miniclip.agar.io,HTTPS,Closed,imasdk.googleapis.com,4127,182627,33,61,2026-06-26T21:33:28.814+02:00,2026-06-26T21:33:31.758+02:00
6,10.215.173.1,42638,66.102.1.95,443,10345,Agar.io,com.miniclip.agar.io,HTTPS,Closed,imasdk.googleapis.com,2121,7059,7,7,2026-06-26T21:33:28.817+02:00,2026-06-26T21:33:28.972+02:00
6,10.215.173.1,44594,18.245.253.31,443,10345,Agar.io,com.miniclip.agar.io,HTTPS,Closed,o-sdk.mediation.unity3d.com,2583,5722,10,9,2026-06-26T21:33:28.847+02:00,2026-06-26T21:33:31.760+02:00
17,10.215.173.1,14217,10.215.173.2,53,10345,Agar.io,com.miniclip.agar.io,DNS,Closed,sdkopmetrics-eu.dsp-api.moloco.com,80,96,1,1,2026-06-26T21:33:28.974+02:00,2026-06-26T21:33:28.992+02:00
6,10.215.173.1,41724,34.149.53.230,443,10345,Agar.io,com.miniclip.agar.io,HTTPS,Closed,sdkopmetrics-eu.dsp-api.moloco.com,9085,8106,8,7,2026-06-26T21:33:28.997+02:00,2026-06-26T21:33:31.760+02:00
17,10.215.173.1,31633,10.215.173.2,53,10345,Agar.io,com.miniclip.agar.io,DNS,Closed,manifest.googlevideo.com,70,86,1,1,2026-06-26T21:33:29.502+02:00,2026-06-26T21:33:29.527+02:00
6,10.215.173.1,49506,172.217.22.14,443,10345,Agar.io,com.miniclip.agar.io,HTTPS,Closed,manifest.googlevideo.com,3737,14977,16,15,2026-06-26T21:33:29.538+02:00,2026-06-26T21:33:31.758+02:00
17,10.215.173.1,2472,10.215.173.2,53,10345,Agar.io,com.miniclip.agar.io,DNS,Closed,ms4.applovin.com,62,78,1,1,2026-06-26T21:33:29.792+02:00,2026-06-26T21:33:29.809+02:00
17,10.215.173.1,37179,10.215.173.2,53,10345,Agar.io,com.miniclip.agar.io,DNS,Closed,ms4.applovin.com,62,78,1,1,2026-06-26T21:33:29.797+02:00,2026-06-26T21:33:29.810+02:00
6,10.215.173.1,51584,34.102.162.219,443,10345,Agar.io,com.miniclip.agar.io,HTTPS,Closed,ms4.applovin.com,27929,4926,11,10,2026-06-26T21:33:29.817+02:00,2026-06-26T21:33:31.760+02:00
6,10.215.173.1,51588,34.102.162.219,443,10345,Agar.io,com.miniclip.agar.io,HTTPS,Closed,ms4.applovin.com,55313,15357,21,17,2026-06-26T21:33:29.819+02:00,2026-06-26T21:33:31.759+02:00
17,10.215.173.1,37029,64.233.167.95,443,10345,Agar.io,com.miniclip.agar.io,QUIC,Closed,fonts.googleapis.com,4580,9337,10,12,2026-06-26T21:33:29.947+02:00,2026-06-26T21:33:30.060+02:00
17,10.215.173.1,11776,10.215.173.2,53,10345,Agar.io,com.miniclip.agar.io,DNS,Closed,rr1---sn-5hne6nzk.googlevideo.com,79,125,1,1,2026-06-26T21:33:30.397+02:00,2026-06-26T21:33:30.414+02:00
17,10.215.173.1,34195,172.217.132.134,443,10345,Agar.io,com.miniclip.agar.io,QUIC,Closed,rr1---sn-5hne6nzk.googlevideo.com,11621,618019,98,491,2026-06-26T21:33:30.423+02:00,2026-06-26T21:33:30.828+02:00
17,10.215.173.1,50987,142.251.142.2,443,10345,Agar.io,com.miniclip.agar.io,QUIC,Closed,pagead2.googlesyndication.com,6296,6022,11,14,2026-06-26T21:33:31.093+02:00,2026-06-26T21:33:31.253+02:00
6,10.215.173.1,36172,142.251.39.194,443,10345,Agar.io,com.miniclip.agar.io,HTTPS,Closed,googleads.g.doubleclick.net,3078,1766,8,8,2026-06-26T21:33:31.180+02:00,2026-06-26T21:33:31.359+02:00
17,10.215.173.1,43410,10.215.173.2,53,10345,Agar.io,com.miniclip.agar.io,DNS,Closed,sdk-events.inner-active.mobi,74,90,1,1,2026-06-26T21:33:31.184+02:00,2026-06-26T21:33:31.201+02:00
6,10.215.173.1,36184,142.251.39.194,443,10345,Agar.io,com.miniclip.agar.io,HTTPS,Closed,googleads.g.doubleclick.net,2254,1766,7,8,2026-06-26T21:33:31.186+02:00,2026-06-26T21:33:31.302+02:00
6,10.215.173.1,50208,34.160.136.185,443,10345,Agar.io,com.miniclip.agar.io,HTTPS,Closed,sdk-events.inner-active.mobi,1602,5625,8,7,2026-06-26T21:33:31.215+02:00,2026-06-26T21:33:31.759+02:00
17,10.215.173.1,56913,10.215.173.2,53,10247,Services Google Play,com.google.android.gms,DNS,Closed,mtalk.google.com,62,117,1,1,2026-06-26T21:33:38.399+02:00,2026-06-26T21:33:38.463+02:00
6,10.215.173.1,33158,64.233.167.188,5228,10247,Services Google Play,com.google.android.gms,TLS,Closed,mtalk.google.com,1322,1188,7,8,2026-06-26T21:33:38.470+02:00,2026-06-26T21:34:40.882+02:00
17,10.215.173.1,57136,142.251.39.206,443,10247,Services Google Play,com.google.android.gms,QUIC,Closed,android.apis.google.com,4742,4596,9,11,2026-06-26T21:33:38.656+02:00,2026-06-26T21:33:38.811+02:00
17,10.215.173.1,30687,10.215.173.2,53,10247,Services Google Play,com.google.android.gms,DNS,Closed,spot-pa.googleapis.com,68,132,1,1,2026-06-26T21:34:03.794+02:00,2026-06-26T21:34:03.821+02:00
17,10.215.173.1,48431,216.239.34.223,443,10247,Services Google Play,com.google.android.gms,QUIC,Closed,spot-pa.googleapis.com,7172,9885,14,17,2026-06-26T21:34:03.831+02:00,2026-06-26T21:34:04.359+02:00
17,10.215.173.1,53863,10.215.173.2,53,10247,Services Google Play,com.google.android.gms,DNS,Closed,mtalk.google.com,62,117,1,1,2026-06-26T21:34:47.945+02:00,2026-06-26T21:34:48.020+02:00
6,10.215.173.1,56276,74.125.71.188,5228,10247,Services Google Play,com.google.android.gms,TLS,Closed,mtalk.google.com,1327,1188,7,8,2026-06-26T21:34:48.035+02:00,2026-06-26T21:35:51.412+02:00
17,10.215.173.1,38147,142.251.39.206,443,10247,Services Google Play,com.google.android.gms,QUIC,Closed,android.apis.google.com,4846,4647,10,12,2026-06-26T21:34:48.236+02:00,2026-06-26T21:34:48.379+02:00
17,10.215.173.1,44309,10.215.173.2,53,10067,Meta Services,com.facebook.services,DNS,Closed,z-m-gateway.facebook.com,70,114,1,1,2026-06-26T21:35:27.775+02:00,2026-06-26T21:35:27.847+02:00
6,10.215.173.1,33202,185.60.219.37,443,10067,Meta Services,com.facebook.services,HTTPS,Active,z-m-gateway.facebook.com,4914,5865,28,23,2026-06-26T21:35:27.854+02:00,2026-06-26T21:38:45.084+02:00
6,10.215.173.1,38368,74.125.71.188,5228,10247,Services Google Play,com.google.android.gms,TLS,Closed,mtalk.google.com,1322,1188,7,8,2026-06-26T21:36:04.457+02:00,2026-06-26T21:37:06.846+02:00
17,10.215.173.1,33868,10.215.173.2,53,10247,Services Google Play,com.google.android.gms,DNS,Closed,android.apis.google.com,69,109,1,1,2026-06-26T21:36:04.647+02:00,2026-06-26T21:36:04.670+02:00
17,10.215.173.1,33215,142.251.39.110,443,10247,Services Google Play,com.google.android.gms,QUIC,Closed,android.apis.google.com,4909,4863,11,12,2026-06-26T21:36:04.677+02:00,2026-06-26T21:36:04.827+02:00
6,10.215.173.1,45226,74.125.71.188,5228,10247,Services Google Play,com.google.android.gms,TLS,Closed,mtalk.google.com,1322,1188,7,8,2026-06-26T21:37:14.878+02:00,2026-06-26T21:38:17.396+02:00
17,10.215.173.1,2074,10.215.173.2,53,10247,Services Google Play,com.google.android.gms,DNS,Closed,android.apis.google.com,69,109,1,1,2026-06-26T21:37:15.056+02:00,2026-06-26T21:37:15.077+02:00
17,10.215.173.1,60074,142.251.39.206,443,10247,Services Google Play,com.google.android.gms,QUIC,Closed,android.apis.google.com,4968,4784,12,13,2026-06-26T21:37:15.083+02:00,2026-06-26T21:37:15.235+02:00
17,10.215.173.1,55251,10.215.173.2,53,10308,Facebook,com.facebook.katana,DNS,Closed,graph.facebook.com,64,104,1,1,2026-06-26T21:37:44.333+02:00,2026-06-26T21:37:44.352+02:00
17,10.215.173.1,56892,185.60.219.3,443,10308,Facebook,com.facebook.katana,QUIC,Closed,graph.facebook.com,29319,34456,40,46,2026-06-26T21:37:44.336+02:00,2026-06-26T21:37:47.176+02:00
17,10.215.173.1,4808,10.215.173.2,53,10247,Services Google Play,com.google.android.gms,DNS,Closed,mtalk.google.com,62,107,1,1,2026-06-26T21:38:28.524+02:00,2026-06-26T21:38:28.608+02:00
6,10.215.173.1,35216,74.125.71.188,5228,10247,Services Google Play,com.google.android.gms,TLS,Active,mtalk.google.com,1322,1148,7,7,2026-06-26T21:38:28.630+02:00,2026-06-26T21:38:28.808+02:00
17,10.215.173.1,51747,142.251.39.206,443,10247,Services Google Play,com.google.android.gms,QUIC,Closed,android.apis.google.com,4842,4726,10,12,2026-06-26T21:38:28.855+02:00,2026-06-26T21:38:29.009+02:00
